{
  "sampleChart": {
    "pillars": {
      "年": {
        "pillar": "癸卯",
        "gan": "癸",
        "zhi": "卯"
      },
      "月": {
        "pillar": "甲寅",
        "gan": "甲",
        "zhi": "寅"
      },
      "日": {
        "pillar": "乙巳",
        "gan": "乙",
        "zhi": "巳"
      },
      "時": {
        "pillar": "丙午",
        "gan": "丙",
        "zhi": "午"
      }
    },
    "fiveElements": {
      "金": 1,
      "木": 3,
      "水": 2,
      "火": 2,
      "土": 0
    },
    "yinYang": {
      "陰": 3,
      "陽": 5
    },
    "tenGods": [
      "比肩",
      "劫財", 
      "食神",
      "傷官"
    ]
  },
  "sampleNarrative": {
    "年": {
      "commander": "水兔將軍",
      "strategist": "柔韌軍師",
      "naYin": "金箔金",
      "story": "你的童年如春水般清澈，帶著兔子的機敏與溫柔。年柱的水兔將軍教會你在變化中保持彈性，在困境中尋找新的出路。"
    },
    "月": {
      "commander": "木虎大將",
      "strategist": "成長智者",
      "naYin": "大溪水",
      "story": "青春時期的你如猛虎下山，充滿生命力與創造力。月柱的木虎大將賦予你向上生長的力量，讓你在人群中展現領導魅力。"
    },
    "日": {
      "commander": "木蛇元帥",
      "strategist": "智慧導師",
      "naYin": "佛燈火",
      "story": "你的核心本質如智慧之蛇，外表溫和內心堅韌。日柱的木蛇元帥代表你的靈魂特質，善於觀察、深思熟慮，用智慧化解人生難題。"
    },
    "時": {
      "commander": "火馬統領",
      "strategist": "行動先鋒",
      "naYin": "天河水",
      "story": "晚年的你如駿馬奔騰，充滿熱情與活力。時柱的火馬統領象徵你的人生後半場將充滿冒險精神，勇於追求夢想。"
    }
  },
  "toneSettings": {
    "military": {
      "prefix": "將軍",
      "style": "軍事化語調",
      "keywords": ["戰略", "軍團", "征戰", "統帥"]
    },
    "healing": {
      "prefix": "療癒師",
      "style": "溫柔療癒語調",
      "keywords": ["守護", "滋養", "療癒", "成長"]
    },
    "poetic": {
      "prefix": "詩人",
      "style": "詩意美學語調",
      "keywords": ["詩意", "美學", "意境", "韻律"]
    },
    "mythic": {
      "prefix": "神話使者",
      "style": "神話傳說語調",
      "keywords": ["神話", "傳說", "古老", "神秘"]
    }
  }
}